airport_name,cancel_reason,num_cancel
"Newark, NJ: Newark Liberty International",Weather,924
"New York, NY: LaGuardia","National Air System",623
"New York, NY: John F. Kennedy International","National Air System",559
"Chicago, IL: Chicago O'Hare International",Weather,499
"Denver, CO: Denver International",Weather,338
"Washington, DC: Ronald Reagan Washington National",Weather,291
"Boston, MA: Logan International","National Air System",280
"Charlotte, NC: Charlotte Douglas International",Weather,251
"Philadelphia, PA: Philadelphia International",Weather,202
"Atlanta, GA: Hartsfield-Jackson Atlanta International",Weather,183
"Orlando, FL: Orlando International",Weather,178
"Dallas/Fort Worth, TX: Dallas/Fort Worth International",Weather,130
"Miami, FL: Miami International",Weather,111
"Las Vegas, NV: McCarran International",Carrier,110
"Los Angeles, CA: Los Angeles International",Carrier,108
"San Francisco, CA: San Francisco International",Carrier,108
"Houston, TX: George Bush Intercontinental/Houston",Carrier,93
"Chicago, IL: Chicago Midway International",Weather,83
"Raleigh/Durham, NC: Raleigh-Durham International",Weather,81
"Fort Lauderdale, FL: Fort Lauderdale-Hollywood International",Weather,78
"Nashville, TN: Nashville International",Weather,75
"Pittsburgh, PA: Pittsburgh International",Weather,74
"Detroit, MI: Detroit Metro Wayne County",Weather,73
"Salt Lake City, UT: Salt Lake City International",Carrier,70
"Indianapolis, IN: Indianapolis International",Weather,68
"Cleveland, OH: Cleveland-Hopkins International",Weather,67
"Columbus, OH: John Glenn Columbus International",Weather,66
"Seattle, WA: Seattle/Tacoma International",Carrier,64
"Phoenix, AZ: Phoenix Sky Harbor International",Carrier,62
"Minneapolis, MN: Minneapolis-St Paul International",Carrier,58
"Cincinnati, OH: Cincinnati/Northern Kentucky International",Weather,56
"Buffalo, NY: Buffalo Niagara International",Weather,55
"Baltimore, MD: Baltimore/Washington International Thurgood Marshall",Weather,55
"Washington, DC: Washington Dulles International",Carrier,47
"Tampa, FL: Tampa International",Carrier,46
"Austin, TX: Austin - Bergstrom International",Carrier,44
"Kansas City, MO: Kansas City International",Weather,41
"Santa Ana, CA: John Wayne Airport-Orange County",Carrier,40
"St. Louis, MO: St Louis Lambert International",Weather,40
"San Diego, CA: San Diego International",Carrier,38
"Myrtle Beach, SC: Myrtle Beach International",Weather,37
"Norfolk, VA: Norfolk International",Weather,37
"San Juan, PR: Luis Munoz Marin International",Carrier,37
"Honolulu, HI: Daniel K Inouye International",Carrier,36
"Providence, RI: Theodore Francis Green State",Weather,35
"Charleston, SC: Charleston AFB/International",Weather,34
"Milwaukee, WI: General Mitchell International",Weather,33
"New Orleans, LA: Louis Armstrong New Orleans International",Weather,33
"Portland, ME: Portland International Jetport","National Air System",33
"Rochester, NY: Greater Rochester International",Weather,32
"Hartford, CT: Bradley International",Weather,31
"West Palm Beach/Palm Beach, FL: Palm Beach International",Weather,31
"Albany, NY: Albany International",Weather,30
"Grand Rapids, MI: Gerald R. Ford International",Weather,30
"Burlington, VT: Burlington International",Weather,29
"Richmond, VA: Richmond International","National Air System",29
"Louisville, KY: Louisville Muhammad Ali International",Weather,29
"Bangor, ME: Bangor International",Weather,28
"Manchester, NH: Manchester-Boston Regional",Weather,27
"Fort Myers, FL: Southwest Florida International",Weather,27
"Greensboro/High Point, NC: Piedmont Triad International",Weather,26
"Syracuse, NY: Syracuse Hancock International",Weather,26
"White Plains, NY: Westchester County",Weather,25
"Wilmington, NC: Wilmington International",Weather,25
"Jacksonville, FL: Jacksonville International",Weather,25
"San Antonio, TX: San Antonio International",Carrier,25
"Memphis, TN: Memphis International",Weather,24
"Portland, OR: Portland International",Carrier,24
"Savannah, GA: Savannah/Hilton Head International",Weather,24
"Greer, SC: Greenville-Spartanburg International",Weather,22
"Knoxville, TN: McGhee Tyson",Weather,22
"San Jose, CA: Norman Y. Mineta San Jose International",Carrier,21
"Sacramento, CA: Sacramento International",Carrier,21
"Ontario, CA: Ontario International",Carrier,20
"Nantucket, MA: Nantucket Memorial","National Air System",19
"Des Moines, IA: Des Moines International",Weather,19
"Asheville, NC: Asheville Regional",Weather,18
"Colorado Springs, CO: City of Colorado Springs Municipal",Weather,17
"Oakland, CA: Metropolitan Oakland International",Carrier,17
"Dayton, OH: James M Cox/Dayton International",Weather,16
"Martha's Vineyard, MA: Martha's Vineyard Airport","National Air System",16
"Birmingham, AL: Birmingham-Shuttlesworth International",Weather,15
"Charlottesville, VA: Charlottesville Albemarle","National Air System",15
"Harrisburg, PA: Harrisburg International",Weather,15
"Madison, WI: Dane County Regional-Truax Field",Carrier,15
"Pensacola, FL: Pensacola International",Weather,15
"Traverse City, MI: Cherry Capital",Weather,15
"Dallas, TX: Dallas Love Field",Weather,14
"Kahului, HI: Kahului Airport",Carrier,14
"Aspen, CO: Aspen Pitkin County Sardy Field",Weather,13
"Burbank, CA: Bob Hope",Carrier,13
"Oklahoma City, OK: Will Rogers World","National Air System",13
"Albuquerque, NM: Albuquerque International Sunport",Carrier,11
"Aguadilla, PR: Rafael Hernandez",Carrier,11
"Trenton, NJ: Trenton Mercer",Weather,11
"Tulsa, OK: Tulsa International",Weather,11
"Cedar Rapids/Iowa City, IA: The Eastern Iowa",Weather,10
"Omaha, NE: Eppley Airfield",Weather,10
"Reno, NV: Reno/Tahoe International",Carrier,10
"South Bend, IN: South Bend International",Weather,10
"Anchorage, AK: Ted Stevens Anchorage International",Carrier,9
"Boise, ID: Boise Air Terminal",Carrier,9
"Bozeman, MT: Bozeman Yellowstone International",Carrier,9
"Columbia, SC: Columbia Metropolitan","National Air System",9
"Key West, FL: Key West International",Weather,9
"Spokane, WA: Spokane International",Carrier,9
"Houston, TX: William P Hobby","National Air System",9
"Huntsville, AL: Huntsville International-Carl T Jones Field",Weather,8
"Islip, NY: Long Island MacArthur",Weather,8
"Lihue, HI: Lihue Airport",Carrier,8
"Appleton, WI: Appleton International",Weather,7
"Kona, HI: Ellison Onizuka Kona International at Keahole",Carrier,7
"Ponce, PR: Mercedita",Carrier,7
"Binghamton, NY: Greater Binghamton/Edwin A. Link Field","National Air System",6
"Akron, OH: Akron-Canton Regional",Weather,6
"Daytona Beach, FL: Daytona Beach International",Weather,6
"Durango, CO: Durango La Plata County",Weather,6
"Green Bay, WI: Green Bay Austin Straubel International",Weather,6
"Hyannis, MA: Barnstable Municipal-Boardman/Polando Field","National Air System",6
"Wichita, KS: Wichita Dwight D Eisenhower National",Carrier,6
"Ithaca/Cortland, NY: Ithaca Tompkins Regional","National Air System",6
"Lansing, MI: Capital Region International",Weather,6
"Lexington, KY: Blue Grass",Weather,6
"Little Rock, AR: Bill and Hillary Clinton Nat Adams Field",Weather,6
"Moline, IL: Quad City International",Weather,6
"Worcester, MA: Worcester Regional","National Air System",6
"Santa Barbara, CA: Santa Barbara Municipal",Weather,6
"Sarasota/Bradenton, FL: Sarasota/Bradenton International",Carrier,6
"Fayetteville, AR: Northwest Arkansas Regional",Weather,6
"Casper, WY: Casper/Natrona County International",Weather,5
"El Paso, TX: El Paso International",Weather,5
"Eugene, OR: Mahlon Sweet Field",Carrier,5
"Fargo, ND: Hector International",Weather,5
"Sioux Falls, SD: Joe Foss Field",Carrier,5
"Grand Junction, CO: Grand Junction Regional",Carrier,5
"Hayden, CO: Yampa Valley",Weather,5
"Jackson, WY: Jackson Hole",Weather,5
"Laramie, WY: Laramie Regional",Weather,5
"North Platte, NE: North Platte Regional Airport Lee Bird Field",Weather,5
"Montrose/Delta, CO: Montrose Regional",Weather,5
"Roanoke, VA: Roanoke Blacksburg Regional Woodrum Field","National Air System",5
"Valparaiso, FL: Eglin AFB Destin Fort Walton Beach",Weather,5
"Kodiak, AK: Kodiak Airport",Weather,4
"Billings, MT: Billings Logan International",Carrier,4
"Baton Rouge, LA: Baton Rouge Metropolitan/Ryan Field",Weather,4
"Chattanooga, TN: Lovell Field",Weather,4
"Hancock/Houghton, MI: Houghton County Memorial",Weather,4
"Charleston/Dunbar, WV: Yeager",Weather,4
"Decatur, IL: Decatur Airport",Weather,4
"Hilton Head, SC: Hilton Head Airport",Weather,4
"Hilo, HI: Hilo International",Carrier,4
"Lafayette, LA: Lafayette Regional Paul Fournet Field",Weather,4
"Midland/Odessa, TX: Midland International Air and Space Port",Weather,4
"Montgomery, AL: Montgomery Regional",Weather,4
"Jacksonville/Camp Lejeune, NC: Albert J Ellis",Weather,4
"Peoria, IL: General Downing - Peoria International",Weather,4
"State College, PA: University Park",Weather,4
"Tucson, AZ: Tucson International",Weather,4
"Champaign/Urbana, IL: University of Illinois/Willard",Weather,3
"Dodge City, KS: Dodge City Regional",Weather,3
"Duluth, MN: Duluth International",Weather,3
"Devils Lake, ND: Devils Lake Regional",Weather,3
"Panama City, FL: Northwest Florida Beaches International",Weather,3
"Eagle, CO: Eagle County Regional",Weather,3
"Flint, MI: Bishop International",Weather,3
"Fort Wayne, IN: Fort Wayne International",Weather,3
"Gunnison, CO: Gunnison-Crested Butte Regional",Weather,3
"Johnstown, PA: John Murtha Johnstown-Cambria County",Weather,3
"Lubbock, TX: Lubbock Preston Smith International",Weather,3
"Columbus, OH: Rickenbacker International",Carrier,3
"Long Beach, CA: Long Beach Airport",Carrier,3
"Lincoln, NE: Lincoln Airport",Weather,3
"Melbourne, FL: Melbourne International",Weather,3
"Missoula, MT: Missoula International",Weather,3
"Punta Gorda, FL: Punta Gorda Airport",Weather,3
"Rock Springs, WY: Southwest Wyoming Regional",Weather,3
"Springfield, MO: Springfield-Branson National",Carrier,3
"Charlotte Amalie, VI: Cyril E King",Carrier,3
"Sun Valley/Hailey/Ketchum, ID: Friedman Memorial",Weather,3
"Allentown/Bethlehem/Easton, PA: Lehigh Valley International","National Air System",2
"Arcata/Eureka, CA: California Redwood Coast Humboldt County",Weather,2
"Augusta, GA: Augusta Regional at Bush Field",Weather,2
"Scranton/Wilkes-Barre, PA: Wilkes Barre Scranton International",Carrier,2
"Bismarck/Mandan, ND: Bismarck Municipal",Weather,2
"Belleville, IL: Scott AFB/MidAmerica",Carrier,2
"Barrow, AK: Wiley Post/Will Rogers Memorial",Weather,2
"Moab, UT: Canyonlands Field",Weather,2
"Dickinson, ND: Dickinson - Theodore Roosevelt Regional",Weather,2
"Fairbanks, AK: Fairbanks International",Carrier,2
"Fayetteville, NC: Fayetteville Regional/Grannis Field",Weather,2
"Kalispell, MT: Glacier Park International",Carrier,2
"Fort Dodge, IA: Fort Dodge Regional",Weather,2
"Garden City, KS: Garden City Regional",Weather,2
"Grand Island, NE: Central Nebraska Regional",Weather,2
"Great Falls, MT: Great Falls International",Carrier,2
"Joplin, MO: Joplin Regional",Weather,2
"Juneau, AK: Juneau International",Carrier,2
"Lawton/Fort Sill, OK: Lawton-Fort Sill Regional",Weather,2
"Saginaw/Bay City/Midland, MI: MBS International",Weather,2
"Mason City, IA: Mason City Municipal",Weather,2
"Mission/McAllen/Edinburg, TX: McAllen Miller International",Weather,2
"Medford, OR: Rogue Valley International - Medford",Carrier,2
"Minot, ND: Minot International",Weather,2
"Monterey, CA: Monterey Regional",Weather,2
"Rapid City, SD: Rapid City Regional",Carrier,2
"Sioux City, IA: Sioux Gateway Brig Gen Bud Day Field",Weather,2
"Tallahassee, FL: Tallahassee International",Carrier,2
"Vernal, UT: Vernal Regional",Weather,2
"Waco, TX: Waco Regional",Weather,1
"Amarillo, TX: Rick Husband Amarillo International","National Air System",1
"Bethel, AK: Bethel Airport",Carrier,1
"Scottsbluff, NE: Western Neb. Regional/William B. Heilig Field",Weather,1
"Bishop, CA: Bishop Airport","National Air System",1
"Brunswick, GA: Brunswick Golden Isles",Carrier,1
"Brownsville, TX: Brownsville South Padre Island International",Weather,1
"Corpus Christi, TX: Corpus Christi International","National Air System",1
"Dillingham, AK: Dillingham Airport",Weather,1
"Evansville, IN: Evansville Regional",Carrier,1
"Fresno, CA: Fresno Yosemite International",Weather,1
"Fort Smith, AR: Fort Smith Regional",Weather,1
"Gulfport/Biloxi, MS: Gulfport-Biloxi International",Carrier,1
"Killeen, TX: Robert Gray AAF","National Air System",1
"Hagerstown, MD: Hagerstown Regional-Richard A. Henson Field",Weather,1
"Helena, MT: Helena Regional","National Air System",1
"Ashland, WV: Tri-State/Milton J. Ferguson Field",Weather,1
"Idaho Falls, ID: Idaho Falls Regional",Weather,1
"Jackson/Vicksburg, MS: Jackson Medgar Wiley Evers International",Weather,1
"Jamestown, ND: Jamestown Regional",Weather,1
"Latrobe, PA: Arnold Palmer Regional",Carrier,1
"Lake Charles, LA: Lake Charles Regional",Weather,1
"Meridian, MS: Key Field",Weather,1
"Monroe, LA: Monroe Regional",Carrier,1
"Mobile, AL: Mobile Regional","National Air System",1
"Marquette, MI: Sawyer International",Weather,1
"Nome, AK: Nome Airport",Carrier,1
"Kotzebue, AK: Ralph Wien Memorial",Carrier,1
"St. Petersburg, FL: St Pete Clearwater International",Carrier,1
"Palm Springs, CA: Palm Springs International","National Air System",1
"Rockford, IL: Chicago/Rockford International",Weather,1
"Riverton/Lander, WY: Riverton Regional",Weather,1
"Rochester, MN: Rochester International",Weather,1
"San Luis Obispo, CA: San Luis County Regional",Weather,1
"Deadhorse, AK: Deadhorse Airport",Weather,1
"Sanford, FL: Orlando Sanford International",Carrier,1
"St. George, UT: St George Regional",Weather,1
"Shreveport, LA: Shreveport Regional","National Air System",1
"San Angelo, TX: San Angelo Regional/Mathis Field","National Air System",1
"Salina, KS: Salina Regional",Weather,1
"Santa Rosa, CA: Charles M. Schulz - Sonoma County",Carrier,1
"Christiansted, VI: Henry E. Rohlsen",Carrier,1
"Newburgh/Poughkeepsie, NY: New York Stewart International",Weather,1
"Bristol/Johnson City/Kingsport, TN: Tri Cities",Carrier,1
"Victoria, TX: Victoria Regional",Weather,1
"Wrangell, AK: Wrangell Airport",Weather,1
"Yakutat, AK: Yakutat Airport",Carrier,1
